original_commit	updated_commit
896e607011f6063848585c3ab41323ed6a86c2e1	d4b7e7d4abf2da54cddedcc2a68ae4f3a5d21840
d0aa4055fc7bbdd0114ed36656c8a93cf7ef6105	d001a4e4c15dbe917ef9f063ce43976ada9f37ba
042ec6f58609f72cd1e841f0f77a3a1d9571a7cb	2a27040adf5bc1465cc3861b044e94dfb25d3fe1
79748e6682e2ae5799fc2e1d4f0433bb0c277fb0	8a91b7ae90f13c2eae759371a74d4f42ffc94076
2a49c021016566a4e276035bc59af97a94afe139	e9be585fe20c4342ffa11448c6a6945590497158
c2f4497334dbc098e90b955ce10b1ddeb60cdc03	aa5ad2456af392207d9c845ee45e1d51746fbee3
c4a906c1415e6546ce0befa5b4c9d331f8c1cf92	ecdb9706c4b64aa618514625e28c83ff870278d4
39b909854213cafc5e8e2481d9835b86278ab61b	55aa0ba20f3a81ecf42a869367e97c74bf4cb5ee
e16b8808bd3dd9a97cf0edb88728fef882cd1398	e84bd0a5c437931740f62ae147b547ca8bd289ba
3adb9688f327dbb3829e500c0c68cb87d83aa6a1	bf9f37029ace1574b18ece1f2057a2aa3eca21d8
688a10814eb6255c12d068e0d66c333f826734e3	e6386343ea73aaa8f793c74fb5ee2fb9feea6ed6
41e44212aa8b55747875be990e078da0ed4f0b5e	23dfbd6179ed9a1bea37cb0dab4ef3a6678ee6cc
4e1fccfec04fb8c880265db2eb836232f9820c43	984968eb77a2c0bb6ffa3555e0a8f9b532dd8cf0
36b047e01ddb4f9c279edb9c374ebf7ce885be7a	ecee5a159a09f608448d679ef4a03f4512da2305
73d93e9a9b9e9b68509e57709940ce27e6d06250	1d3b0fe14ca52418ad63687229d8923734bef982
dd6c61e3597f4399247fc4aa2e846883236ceaf2	47f86d604850a26546fa694c8f7927cec53425a5
e11538c2d9387896d8abfb06fa0f2948ca7bea7d	1d03de756740f37687318f987831c8c86f2d6299
360245d81c41fa75137d4ca62b8d7200d2d59d09	a34271de436f706ca4e3f8fd7119f02f6a4a349c
f3b6de33756ca3be8870e50b9d0bafe5c84fef5e	4666e72f9a310f0a558e221ea5560f32b01db16b
161948247ddc76969ddeae32bf6fc53f3de99435	9d8a73ea630e0018c2b43d961115cec4b2b4a6be
5e0bf16b2dcdc1fd7283a1d9647baa2a08685003	21b09954243b8e9430a6ae4582276abff969cc0a
4a23ad13c16ba071d1a2cd620e46d71e527be4cd	029e978b3d2537d69545c0322b857c893cbe5665
9784bdfe842f36375c34f010e923a3ffaba03277	c41424e5a0e6f3be2ed655af6bd83eb3d49241cf
8d9e0d80c11eaff4e5eb951bb463619fef33a65a	29d45e2f42446c58f41a27670d0be5bb3a34dbe2
3bed9d76238cc2ed2e4a5675f6af7e478910d5f6	81589a2be8d63ade8a582a88e197b063677c253a
51e8da2bfdbf45f13ae40cfe03608eb6e53d43f0	3899035967e62e2c3ffe911b0b09fd07a9257b2e
0d4de58caa40d30a5a219b7638bcae10ab03793c	70cf100922cb2b56cf4fd5db54ea4f8e4909446f
d3469fcf18ba5c036a8e09442375756b5d3933b9	10302dff017d2b07abf950fcb86c36baec6e8d00
af2cca32d99fc8587f02fbc7cdffb6545e82f172	f3140008a927ab9d5672c97f9f49418faaa9cba4
d98bc543862e8921ebdb60cafd65f2b57817561e	404a239778cd323405d4928756543729aa923c7e
0a54942fa4cafba2315665ccc00b4140a18ba562	0b038a2d76e0d1310f40947565024fb2054e3376
d26787482d8141886b419e7d5c46be0908623dd1	6371f43c02d6c95dda6310c09929da192d5f0ea8
f22d87c4f8fb92fcfa19a1d51647598287cd8b21	eff069ff0f4c73cbb9eae17490564b5c7e8aed5b
253cc77bd2f819f6966ac5c01988fda28f9c6129	aac86220d34182164cf1d1963928537a75bf811d
d06df7ccc25c7113050a7de5c0ad1c6ceaed199d	5c531aa203992a11f01bb71d40a6c6c30d53fb8a
e9871983bbf0ef11a3a6a478b8cdfdfa096d59df	a1f2fd9c09b2c7e4d197d3bf14e482f25d7fbca6
f4a838ca94be22767c3cf5d46b02d51e8f4e0105	192f97ad18cb608531a68afb71ebe704e03e6332
c31fc16374c29ce5b2b303c598664850729ba5c3	1398620906a28928cce9204104de8b706282266d
6dfb8cc2a82da50bcf492f203d48481afb70b470	88edd6c80cbdd9d976ac47cf7bd7d2eb6855bb19
6d7a4775db3e7cfed5e9fa7a4c6ddfb07917d76e	820eec67415bc74b071950517dcf21f78d27f6a2
bb0041cf34c0b66bdba9b56d11e5d5d22cc1107a	1c5a2e39b48196396950b025bfea86c4af780e71
8d57491b8ab4ad2acf7da7a1432836c166fe4f54	3cf5f6e9e9085abe85fdec5b625101ab93ac6804
e0ddf5705ed4f1195d318c5f002d3c592c00d91d	05fdab7e76661c0508beccfa54d21aa7a7e46a55
ccacbaad77c62331aa68331eabd4dcb6122de737	ba0c43d52e0ad4e950287dc57263e6518130a00e
08a039a9da3b6a907604dd6f500c63335eaa3bb3	020d12c53e4373d360940956c74014e934848e06
bec8ee9aedd6fc799ec28f3607e9b11ab87cc9b8	fbb9dd3dcaf004f33b9299e51529405c169589d6
eedaea79264e82a6da35df477a192975f5f2667a	5cb4eb9418c67d8437256de652e21f6b96f8fd36
f1e138efd80e0963f35f04bde6460f14fb30fa7f	7948e044cfd3cb49df569254b1aea21fba577390
ef1d136775d161a2326c6c92fac11bd521a18c18	02cb0358d3f4b8077650b6caf7a0553a030bb813
de37228eceb482a12f67f52031a8e2fe00493bd4	fd284c52d655f0073d91f7ff43fe053eee4587e8
2e82ed8a569ef7dc436358cc7a70b17f2d413cc5	5554865451a057615499ab20d0828f7d2e0ac860
a764b16ff6846542b4a8a26a69192d7555fa3872	bad463e19bf1b485ccb7155b1dece493f2c2a3e9
b7b2f69c60327a7d59afff4006b4622cf1426664	cc527b184baaaf2e39a24dc543e4129023e5d115
1b0c3ef33f970158b9b6724c79e6eb72d047c038	aef4e09519e1f881fe51013b0dac516e4506b28a
43fceba38fb67920b3dc64883fbb0f1389512056	de8472455e29e7dce573c9fc7cf515666859b872
c4b409261b97a21b4dc06f31ef85ee98de602945	0ba932799c9b7fa98ded7127bcdb30a84c4d925c
903edce86e01bd76d2e86c9d1db7c8427ef133c1	2ace82cf9e39b246701426adf7ade842969008a5
e7ceb52051b19daa5f272a5d82266f463521050b	3411c3913a875918f2b4f1122465465c1cb71679
cd04b1589957bce0b4b2631358e235b79f153bd6	f8d5f74bdfdb69a6cfee61b267e1b08853aa1a4b
ae6a98bb6f6fed7e9aea444959cb7d6fa6f2a588	a00c7c57329e09afa991e937e045e8045f08c519
edbd6b061a27e9c835888f32b2f4f2a8645d724a	6742bfd98a681c7604abe0da2cb7a14e9d074094
73bf544b63b522a8ac3b1238fe71730943338197	24e2b5d3b72adafe262b5157c1c491f312deb5d0
4fa63cd840469533ca09fd1f10acb0c1e948eb66	af847be17ccea570317a7047e8715441b4f45a4f
00dee26187f557f9bc62f5f11b8c753e08f049d9	2633bc2cbbaa0fc91c41e6c8960464c991f33ec3
a00eddf5d9ffd9aee1adb5bae303fed20ab4ea9d	b91cad32f5782103b2be6d00111ae840e4a574b3
cc774d4b77a6877381fee97231a412b85355f860	041e870355596eb8feecce199b659ea98d929b31
e55282e752a6b7fab33e8b2b8bfd9fe1f00c1ed9	dd4f4e74f23dccffd3aa8e34adbfed2cd648ab92
02d52c5fa84c1eb3d2e3ddea50651e6e4cc5d637	553428980c2a27051cf512b8a163cae7f96621fc
dc541a7263de75dd0aec92f25eb1a659f04c1aa9	50a5b27bda31424e186a106bcaf92ccf860bd7a2
57e7e27991c3cb1abea0367cbf6fd858f63659be	695c2c46699d0285c5f84f4e15fa10635675e9da
50163eb19b9a8d561f7614f1bd0793bcec579f1c	f8415461f12da2986abb5273e0911aec2f40ff00
a1c81b2addcf07d57b46e3416ec722074bdd43f5	3456ac85e3b266cc016085946ad8e50affea78f9
2c5fa9855950f78861c1f0fcc806527c7e6f09c0	2eef5a8aa5f0856347a95d9e424fe7648d1696da
3d1c32676958e143a36ce22e7a71b08c36d84923	c7706d90604a9d7554615455e2f62d2162147c4c
e74b0d0e30dd4967b4dfa3d5fe35c5a2ffc590eb	3697866ca591255df2ec8e4741517062d42e4fc0
aa6b1cd7f65054ab6d94d355060a138963984e8f	39f848e71d0ae883b6694fe26220601cd742d8e4
f483bf0b093dfb4f6dc1606fc37a9ff0c9971bc4	0b2b45f77257f4c7584f00b57516cc65ebc814bb
9348789992e16ec6a3707ef4143127d9af501de6	fc67c8a9836ba2951d3a07628c8b9de21e0c29b7
2f1475babeb508efde00c29ce694a5cd88ff2555	1e63cdce9c4851c96c7549f9bff1b0cb66d7db03
44804789515f80bcae45341e3b22e34fa87cf78c	2030971e64b7a5242bf34c8cdd19347805e08023
76b3f0af6f662ba4ca33334ef3abf5b06d9e2682	736cdf98d77c9e949214af1ed161b67e6a7b12bc
5eac0046aeecd93514b31c0308be70d2a9128bcd	c9df017509cd4da9e0fc65dff50a6af8867e8d25
90c73bff18c9bbe97e0c6637bcd8123d0f500fdf	89a2a0771fc4b673222815a7b69fd87ea9782144
7c456a8b4dba304ac224d708a0e61718a42593b7	77009c6b06c698e755e4f6c16090c2963235afb0
190b57d53d54119ac90211051d6b6fc2df495e51	70c8f4e02e9aeb0b4d0fb8f0e23852bf1a414e58
479f1e1b09a2585b5ca79938860e5733d6cf065b	69d366fe50b90da5f20ab53770caf16438ffbaf1
a85eda845df9601fe8fb2c795ff81ffe0821f46e	ecf90f3630d9b9d518e3d177819a2990058a624f
83c1f9260e5caa4e3fb29074dbf82799c190ab41	fbcaf54279310af8065e808b0cf6b61f7497562f
8b176caa9b876045fdf7c3885febe6d96ff43be0	8f7e35c9bc77c3a12a55bcfd123e4ec23b65b39b
63e25b198afc620bb1eafbd5dc28270951e460c0	d2d96534d5d91e623c5b76640ef0133b74b419d6
6c76d70ed9aabfa23c72a6fa4714fa3a6ad32b61	ff4d3add625e251c33901ccf2e3eedaf62ae24ca
473fa50ab4c81d73fedbf3a8f77762d298e6f568	5cbeca5f8123a8e379009dde1d08666d02eef4c6
bd102f6c3048b1e2986f386df70a626227d790e1	d012355f006d851acd608f2cde3fa280085cd647
2f31548a3823db57621ad3bc406d93908f58dcdd	7e76a911ee8f78ff4c8532bddaa375877f7297e2
57e92029312bbfc41c71e04d16c51d63254b441d	235bd6405cb8d9bb6155a452e0f08c0ad91e8d11
